{
  "crates/din-core/src/runtime.rs": 1775958917.5427468,
  "crates/din-core/src/lib.rs": 1775958918.4045274,
  "crates/din-wasm/tests/wasm.rs": 1775958981.7993135,
  "crates/din-wasm/pkg/din_wasm.js": 1775914610.7214525,
  "crates/din-wasm/pkg/din_wasm_bg.wasm.d.ts": 1775914610.721662,
  "crates/din-wasm/pkg/din_wasm_bg.js": 1775906515.4323695,
  "crates/din-wasm/pkg/din_wasm.d.ts": 1775914610.7215452,
  "crates/din-wasm/src/lib.rs": 1775958981.7983434,
  "crates/din-wasm/src/din_document_wasm.rs": 1775958989.0808377,
  "crates/din-document/tests/parse_corpus.rs": 1775958067.681203,
  "crates/din-document/src/handle.rs": 1775958106.135858,
  "crates/din-document/src/graph.rs": 1775958120.9384375,
  "crates/din-document/src/lib.rs": 1775958106.136503,
  "crates/din-document/src/report.rs": 1775957899.9946709,
  "crates/din-document/src/parse.rs": 1775955328.6659927,
  "crates/din-document/src/validate.rs": 1775958127.6696901,
  "crates/din-document/src/model.rs": 1775957893.6938295,
  "README.md": 1775760302.9819577,
  "AGENTS.md": 1775959662.1708865,
  "AGENTS.deep.md": 1775959491.5080466,
  "CLAUDE.md": 1775959042.1688414,
  "crates/din-wasm/pkg/docs/api.md": 1776022350.5307477,
  "docs/01-dindocument-typed-model.md": 1775955369.7414463,
  "docs/06-runtime-session.md": 1775959054.0261152,
  "docs/07-transport-sequencer-bridge.md": 1775959056.5738215,
  "docs/12-host-binding-profile.md": 1775958161.7439523,
  "docs/02-parse-pipeline.md": 1775955372.4021394,
  "docs/README.md": 1775959015.024498,
  "docs/11-execution-profile.md": 1775958161.7008536,
  "docs/04-document-handle-query.md": 1775958154.3482246,
  "docs/09-worker-message-contract.md": 1775959016.9984748,
  "docs/03-validation-and-diagnostics.md": 1775955372.8245678,
  "docs/10-cross-target-parity.md": 1775958161.6957643,
  "docs/08-wasm-bindings.md": 1775959048.9426048,
  "docs/05-graph-view.md": 1775958155.6170084,
  "docs/summaries/din-core-api.md": 1775959477.8832865,
  "project/TEST_MATRIX.md": 1775959448.9658365,
  "project/SUMMARY.md": 1775959673.518156,
  "project/USERFLOW.md": 1775959444.7641547,
  "project/skills/v2-refactor-task/SKILL.md": 1775959034.9213767,
  "project/skills/patch-contract-change/SKILL.md": 1775959041.8320968,
  "project/skills/registry-parity/SKILL.md": 1775959042.1623678,
  "project/skills/multi-target-wrapper/SKILL.md": 1775959038.0059395,
  "project/skills/rust-quality-gates/SKILL.md": 1775747115.2732792,
  "fixtures/din-document-v1/README.md": 1775955356.9067862
}